<?xml version="1.0" encoding="utf-8"?>
<ArrayOfAdministrator xmlns:xsi="http://www.w3.org/2001/XMLSchema-instance" xmlns:xsd="http://www.w3.org/2001/XMLSchema">
  <Administrator>
    <DisplayName>EquiFox17</DisplayName>
    <UserID>76561198120464074</UserID>
    <Flags>
      <string>CanKick</string>
      <string>CanBan</string>
      <string>CanUnban</string>
      <string>CanTeleport</string>
      <string>CanLoadout</string>
      <string>CanAnnounce</string>
      <string>CanSpawnItem</string>
      <string>CanGiveItem</string>
      <string>CanReload</string>
      <string>CanSaveAll</string>
      <string>CanAddAdmin</string>
      <string>CanDeleteAdmin</string>
      <string>CanGetFlags</string>
      <string>CanInstaKO</string>
      <string>CanAddFlags</string>
      <string>CanUnflag</string>
      <string>CanWhiteList</string>
      <string>CanKill</string>
      <string>CanMute</string>
      <string>CanUnmute</string>
      <string>CanGodMode</string>
      <string>RCON</string>
    </Flags>
  </Administrator>  
</ArrayOfAdministrator>